{
  "case_name": "case_00001",
  "sample_index": 1,
  "unet_mean_pred": 0.004832944832742214,
  "resnet_mean_pred": 0.005553377326577902
}