{
  "case_name": "case_00004",
  "sample_index": 4,
  "unet_mean_pred": 0.007576768286526203,
  "resnet_mean_pred": 0.00898229330778122
}