{
  "case_name": "case_00000",
  "sample_index": 0,
  "unet_mean_pred": 0.042201049625873566,
  "resnet_mean_pred": 0.03424816578626633
}