{
  "case_name": "case_00002",
  "sample_index": 2,
  "unet_mean_pred": 0.015877705067396164,
  "resnet_mean_pred": 0.014072950929403305
}