{
  "case_name": "case_00003",
  "sample_index": 3,
  "unet_mean_pred": 0.007049995940178633,
  "resnet_mean_pred": 0.008542283438146114
}